{"cameraMode":{"drawMode":0,"name":"Shaded","section":"Shading Mode"},"sceneLighting":false,"audioPlay":false,"sceneViewState":{"showFog":true,"showMaterialUpdate":false,"showSkybox":true,"showFlares":true,"showImageEffects":true,"showParticleSystems":true},"in2DMode":false,"pivot":{"x":220.0780792236328,"y":6.789691925048828,"z":17.235132217407228},"rotation":{"x":0.2948537766933441,"y":0.45017221570014956,"z":-0.16047737002372743,"w":0.8275421261787415},"size":75.74689483642578,"orthographic":false}