{"cameraMode":{"drawMode":0,"name":"Shaded","section":"Shading Mode"},"sceneLighting":false,"audioPlay":false,"sceneViewState":{"showFog":true,"showMaterialUpdate":false,"showSkybox":false,"showFlares":true,"showImageEffects":true,"showParticleSystems":true},"in2DMode":false,"pivot":{"x":68.01033020019531,"y":2.4095122814178469,"z":-58.34214401245117},"rotation":{"x":0.24950861930847169,"y":0.5072337985038757,"z":-0.15629346668720246,"w":0.8100923299789429},"size":4.427221298217773,"orthographic":false}