{"cameraMode":{"drawMode":0,"name":"Shaded","section":"Shading Mode"},"sceneLighting":false,"audioPlay":false,"sceneViewState":{"showFog":true,"showMaterialUpdate":false,"showSkybox":true,"showFlares":true,"showImageEffects":true,"showParticleSystems":true},"in2DMode":false,"pivot":{"x":286.056884765625,"y":-51.61399459838867,"z":84.4877700805664},"rotation":{"x":-0.27225184440612795,"y":-0.4621486961841583,"z":0.15152309834957124,"w":-0.8304094076156616},"size":130.92771911621095,"orthographic":false}